[
  {
    "fullName": "Emmitt Benally",
    "boughtCars": 18,
    "spentMoney": "4430,20"
  },
  {
    "fullName": "Natalie Poli",
    "boughtCars": 18,
    "spentMoney": "5821,06"
  },
  {
    "fullName": "Marcelle Griego",
    "boughtCars": 9,
    "spentMoney": "6222,03"
  },
  {
    "fullName": "Zada Attwood",
    "boughtCars": 10,
    "spentMoney": "3574,70"
  },
  {
    "fullName": "Hai Everton",
    "boughtCars": 7,
    "spentMoney": "1382,30"
  },
  {
    "fullName": "Lino Subia",
    "boughtCars": 22,
    "spentMoney": "7161,94"
  },
  {
    "fullName": "Rico Peer",
    "boughtCars": 8,
    "spentMoney": "981,19"
  },
  {
    "fullName": "Teddy Hobby",
    "boughtCars": 7,
    "spentMoney": "4012,49"
  },
  {
    "fullName": "Johnette Derryberry",
    "boughtCars": 9,
    "spentMoney": "4397,68"
  },
  {
    "fullName": "Audrea Cardinal",
    "boughtCars": 12,
    "spentMoney": "4703,67"
  },
  {
    "fullName": "Francis Mckim",
    "boughtCars": 7,
    "spentMoney": "1481,43"
  },
  {
    "fullName": "Carole Witman",
    "boughtCars": 6,
    "spentMoney": "970,36"
  },
  {
    "fullName": "Oren Perlman",
    "boughtCars": 11,
    "spentMoney": "652,73"
  },
  {
    "fullName": "Brett Brickley",
    "boughtCars": 4,
    "spentMoney": "1729,13"
  },
  {
    "fullName": "Kristian Engberg",
    "boughtCars": 4,
    "spentMoney": "195,65"
  },
  {
    "fullName": "Carri Knapik",
    "boughtCars": 14,
    "spentMoney": "7152,89"
  },
  {
    "fullName": "Rema Revelle",
    "boughtCars": 26,
    "spentMoney": "4574,07"
  },
  {
    "fullName": "Taina Achenbach",
    "boughtCars": 13,
    "spentMoney": "2135,93"
  },
  {
    "fullName": "Yvonne Mccalla",
    "boughtCars": 16,
    "spentMoney": "5694,70"
  },
  {
    "fullName": "Nisha Markwell",
    "boughtCars": 5,
    "spentMoney": "792,39"
  },
  {
    "fullName": "Cinthia Lasala",
    "boughtCars": 12,
    "spentMoney": "1372,47"
  },
  {
    "fullName": "Daniele Zarate",
    "boughtCars": 7,
    "spentMoney": "1132,44"
  },
  {
    "fullName": "Faustina Burgher",
    "boughtCars": 20,
    "spentMoney": "1845,21"
  },
  {
    "fullName": "Jimmy Grossi",
    "boughtCars": 17,
    "spentMoney": "5424,26"
  },
  {
    "fullName": "Sylvie Mcelravy",
    "boughtCars": 9,
    "spentMoney": "2188,74"
  },
  {
    "fullName": "Hipolito Lamoreaux",
    "boughtCars": 12,
    "spentMoney": "2181,77"
  },
  {
    "fullName": "Garret Capron",
    "boughtCars": 21,
    "spentMoney": "3378,21"
  },
  {
    "fullName": "Donnetta Soliz",
    "boughtCars": 22,
    "spentMoney": "4978,03"
  },
  {
    "fullName": "Louann Holzworth",
    "boughtCars": 24,
    "spentMoney": "2409,68"
  },
  {
    "fullName": "Ann Mcenaney",
    "boughtCars": 13,
    "spentMoney": "3501,11"
  }
]