[
  {
    "Id": 29,
    "Name": "Louann Holzworth",
    "BirthDate": "1960-10-01",
    "IsYoungDriver": false,
    "Sales": [
      {},
      {},
      {},
      {},
      {},
      {}
    ]
  },
  {
    "Id": 28,
    "Name": "Donnetta Soliz",
    "BirthDate": "1963-10-01",
    "IsYoungDriver": false,
    "Sales": [
      {},
      {},
      {},
      {},
      {},
      {}
    ]
  },
  {
    "Id": 17,
    "Name": "Rema Revelle",
    "BirthDate": "1970-05-01",
    "IsYoungDriver": false,
    "Sales": [
      {},
      {},
      {},
      {},
      {},
      {},
      {}
    ]
  },
  {
    "Id": 16,
    "Name": "Carri Knapik",
    "BirthDate": "1972-02-02",
    "IsYoungDriver": false,
    "Sales": [
      {},
      {},
      {},
      {}
    ]
  },
  {
    "Id": 27,
    "Name": "Garret Capron",
    "BirthDate": "1975-07-01",
    "IsYoungDriver": false,
    "Sales": [
      {},
      {},
      {},
      {},
      {},
      {}
    ]
  },
  {
    "Id": 8,
    "Name": "Teddy Hobby",
    "BirthDate": "1975-10-01",
    "IsYoungDriver": false,
    "Sales": [
      {},
      {}
    ]
  },
  {
    "Id": 10,
    "Name": "Audrea Cardinal",
    "BirthDate": "1976-10-01",
    "IsYoungDriver": false,
    "Sales": [
      {},
      {},
      {}
    ]
  },
  {
    "Id": 11,
    "Name": "Francis Mckim",
    "BirthDate": "1977-10-01",
    "IsYoungDriver": false,
    "Sales": [
      {},
      {}
    ]
  },
  {
    "Id": 14,
    "Name": "Brett Brickley",
    "BirthDate": "1980-10-01",
    "IsYoungDriver": false,
    "Sales": [
      {}
    ]
  },
  {
    "Id": 15,
    "Name": "Kristian Engberg",
    "BirthDate": "1981-10-03",
    "IsYoungDriver": false,
    "Sales": [
      {}
    ]
  },
  {
    "Id": 26,
    "Name": "Hipolito Lamoreaux",
    "BirthDate": "1982-08-01",
    "IsYoungDriver": false,
    "Sales": [
      {},
      {},
      {}
    ]
  },
  {
    "Id": 4,
    "Name": "Zada Attwood",
    "BirthDate": "1982-10-01",
    "IsYoungDriver": false,
    "Sales": [
      {},
      {}
    ]
  },
  {
    "Id": 25,
    "Name": "Sylvie Mcelravy",
    "BirthDate": "1983-10-01",
    "IsYoungDriver": false,
    "Sales": [
      {},
      {}
    ]
  },
  {
    "Id": 7,
    "Name": "Rico Peer",
    "BirthDate": "1984-10-01",
    "IsYoungDriver": false,
    "Sales": [
      {},
      {}
    ]
  },
  {
    "Id": 5,
    "Name": "Hai Everton",
    "BirthDate": "1985-10-01",
    "IsYoungDriver": false,
    "Sales": [
      {},
      {}
    ]
  },
  {
    "Id": 6,
    "Name": "Lino Subia",
    "BirthDate": "1985-12-21",
    "IsYoungDriver": false,
    "Sales": [
      {},
      {},
      {},
      {},
      {}
    ]
  },
  {
    "Id": 24,
    "Name": "Jimmy Grossi",
    "BirthDate": "1986-07-01",
    "IsYoungDriver": false,
    "Sales": [
      {},
      {},
      {},
      {}
    ]
  },
  {
    "Id": 12,
    "Name": "Carole Witman",
    "BirthDate": "1987-10-01",
    "IsYoungDriver": false,
    "Sales": [
      {},
      {}
    ]
  },
  {
    "Id": 13,
    "Name": "Oren Perlman",
    "BirthDate": "1988-10-01",
    "IsYoungDriver": false,
    "Sales": [
      {},
      {},
      {}
    ]
  },
  {
    "Id": 2,
    "Name": "Natalie Poli",
    "BirthDate": "1990-10-04",
    "IsYoungDriver": false,
    "Sales": [
      {},
      {},
      {},
      {},
      {}
    ]
  },
  {
    "Id": 3,
    "Name": "Marcelle Griego",
    "BirthDate": "1990-10-04",
    "IsYoungDriver": false,
    "Sales": [
      {},
      {}
    ]
  },
  {
    "Id": 19,
    "Name": "Yvonne Mccalla",
    "BirthDate": "1992-03-02",
    "IsYoungDriver": false,
    "Sales": [
      {},
      {},
      {},
      {}
    ]
  },
  {
    "Id": 30,
    "Name": "Ann Mcenaney",
    "BirthDate": "1992-03-02",
    "IsYoungDriver": false,
    "Sales": [
      {},
      {},
      {},
      {}
    ]
  },
  {
    "Id": 21,
    "Name": "Cinthia Lasala",
    "BirthDate": "1992-11-01",
    "IsYoungDriver": false,
    "Sales": [
      {},
      {},
      {}
    ]
  },
  {
    "Id": 1,
    "Name": "Emmitt Benally",
    "BirthDate": "1993-11-20",
    "IsYoungDriver": false,
    "Sales": [
      {},
      {},
      {},
      {},
      {}
    ]
  },
  {
    "Id": 20,
    "Name": "Nisha Markwell",
    "BirthDate": "1994-04-04",
    "IsYoungDriver": false,
    "Sales": [
      {}
    ]
  },
  {
    "Id": 23,
    "Name": "Faustina Burgher",
    "BirthDate": "1994-06-01",
    "IsYoungDriver": false,
    "Sales": [
      {},
      {},
      {},
      {},
      {}
    ]
  },
  {
    "Id": 18,
    "Name": "Taina Achenbach",
    "BirthDate": "1994-10-01",
    "IsYoungDriver": false,
    "Sales": [
      {},
      {},
      {}
    ]
  },
  {
    "Id": 9,
    "Name": "Johnette Derryberry",
    "BirthDate": "1995-10-01",
    "IsYoungDriver": false,
    "Sales": [
      {},
      {}
    ]
  },
  {
    "Id": 22,
    "Name": "Daniele Zarate",
    "BirthDate": "1995-10-05",
    "IsYoungDriver": false,
    "Sales": [
      {},
      {}
    ]
  }
]