[
  {
    "name": "Megestrol Acetate",
    "price": "976,15",
    "seller": "Ann Stevens"
  },
  {
    "name": "Smooth texture Orange flavor",
    "price": "976,65",
    "seller": "Bonnie Fox"
  },
  {
    "name": "Spironolactone",
    "price": "933,69",
    "seller": "Christine Gomez"
  },
  {
    "name": "Myristica Argentum Sinus Relief",
    "price": "904,52",
    "seller": "Carl Daniels"
  },
  {
    "name": "LV-FX",
    "price": "820,87",
    "seller": "Eugene Stewart"
  },
  {
    "name": "Moore Medical Sinus Pain and Pressure Relief",
    "price": "855,39",
    "seller": "Patricia Fuller"
  },
  {
    "name": "NEO-POLY-BAC HYDRO",
    "price": "967,32",
    "seller": "Jennifer Riley"
  },
  {
    "name": "Glipizide and Metformin Hydrochloride",
    "price": "953,60",
    "seller": "Betty Ward"
  },
  {
    "name": "Azithromycin",
    "price": "813,87",
    "seller": "Sarah Day"
  },
  {
    "name": "Perrigo Benzoyl Peroxide",
    "price": "873,24",
    "seller": "Bennett"
  },
  {
    "name": "RESCRIPTOR",
    "price": "850,52",
    "seller": "Betty Ward"
  },
  {
    "name": "Aspirin",
    "price": "925,45",
    "seller": "Eugene Stewart"
  },
  {
    "name": "pain relief",
    "price": "938,23",
    "seller": "Rachel Johnson"
  },
  {
    "name": "Dawn Ultra Antibacterial Hand",
    "price": "969,86",
    "seller": "Schmidt"
  },
  {
    "name": "Aquafresh",
    "price": "849,93",
    "seller": "Anna Clark"
  },
  {
    "name": "ESIKA",
    "price": "879,37",
    "seller": "Paula Hill"
  },
  {
    "name": "Levothyroxine Sodium",
    "price": "885,86",
    "seller": "Schmidt"
  },
  {
    "name": "EPZICOM",
    "price": "895,65",
    "seller": "Amanda Frazier"
  },
  {
    "name": "Clearskin",
    "price": "968,59",
    "seller": "Kathy Gilbert"
  },
  {
    "name": "IOPE SUPER VITAL",
    "price": "824,68",
    "seller": "Sarah Day"
  },
  {
    "name": "Homeopathic Rheumatism",
    "price": "967,08",
    "seller": "Diana Harvey"
  },
  {
    "name": "Care One Hemorrhoidal",
    "price": "932,18",
    "seller": "Harrison"
  },
  {
    "name": "Meloxicam",
    "price": "809,18",
    "seller": "Wanda Harris"
  },
  {
    "name": "Shopko Lip Treatment",
    "price": "861,42",
    "seller": "Sarah Day"
  },
  {
    "name": "Ranitidine",
    "price": "926,64",
    "seller": "Chris Mitchell"
  },
  {
    "name": "Retin-A MICRO",
    "price": "995,98",
    "seller": "Clarence Fowler"
  },
  {
    "name": "Metformin Hydrochloride",
    "price": "953,99",
    "seller": "Betty Ward"
  },
  {
    "name": "Naproxen",
    "price": "807,22",
    "seller": "Chris Mitchell"
  },
  {
    "name": "Clarins Paris Skin Illusion - 114 cappuccino",
    "price": "811,42",
    "seller": "Jean Henry"
  }
]