[
  {
    "firstName": "Gloria",
    "lastName": "Alexander",
    "soldProducts": [
      {
        "name": "Acetaminophen, Chlorpheniramine Maleate, Dextromethorphan Hydrobromide, Phenylephrine Hydrochloride",
        "price": 1028.27
      },
      {
        "name": "Budpak Hemorrhoid Anesthetic",
        "price": 1499.29
      },
      {
        "name": "TRAMADOL HYDROCHLORIDE",
        "price": 516.48,
        "buyerFirstName": "Benjamin",
        "buyerLastName": "Henry"
      },
      {
        "name": "Metaxalone",
        "price": 79.94,
        "buyerFirstName": "Rachel",
        "buyerLastName": "Johnson"
      },
      {
        "name": "Butalbital, Aspirin and Caffeine",
        "price": 1010.98
      },
      {
        "name": "Amitriptyline Hydrochloride",
        "price": 1453.96
      }
    ]
  },
  {
    "firstName": "Fred",
    "lastName": "Allen",
    "soldProducts": [
      {
        "name": "Allergena",
        "price": 109.32,
        "buyerFirstName": "Patricia",
        "buyerLastName": "Cooper"
      },
      {
        "name": "LBEL Couleur Luxe Rouge Amplifier XP amplifying SPF 15",
        "price": 1069.43
      },
      {
        "name": "U-max Multi BB",
        "price": 137.16,
        "buyerFirstName": "Jonathan",
        "buyerLastName": "Rodriguez"
      }
    ]
  },
  {
    "lastName": "Baker",
    "soldProducts": [
      {
        "name": "Lorazepam",
        "price": 1134.96
      },
      {
        "name": "CD CAPTURE TOTALE Triple Correcting Serum Foundation Wrinkles-Dark Spots-Radiance with sunscreen Broad Spectrum SPF 25 010",
        "price": 77.23,
        "buyerFirstName": "Betty",
        "buyerLastName": "Lawson"
      },
      {
        "name": "TYLENOL COLD MULTI-SYMPTOM DAYTIME",
        "price": 1010.81
      },
      {
        "name": "PREMIER VALUE ALLERGY",
        "price": 1127.61
      }
    ]
  },
  {
    "firstName": "Fred",
    "lastName": "Barnes",
    "soldProducts": [
      {
        "name": "Amlodipine Besylate",
        "price": 122.57,
        "buyerLastName": "Peterson"
      },
      {
        "name": "olio activ mouthwash",
        "price": 206.06,
        "buyerFirstName": "Nicole",
        "buyerLastName": "Harris"
      },
      {
        "name": "Ampicillin",
        "price": 674.63,
        "buyerLastName": "Harrison"
      }
    ]
  },
  {
    "lastName": "Bennett",
    "soldProducts": [
      {
        "name": "Americaine",
        "price": 1165.75
      },
      {
        "name": "Ketorolac Tromethamine",
        "price": 608.18,
        "buyerFirstName": "Fred",
        "buyerLastName": "Barnes"
      },
      {
        "name": "Leg Cramp Relief",
        "price": 1345.69
      },
      {
        "name": "Buprenorphine hydrochloride",
        "price": 391.05,
        "buyerFirstName": "Patrick",
        "buyerLastName": "King"
      },
      {
        "name": "Perrigo Benzoyl Peroxide",
        "price": 873.24
      }
    ]
  },
  {
    "firstName": "Anna",
    "lastName": "Clark",
    "soldProducts": [
      {
        "name": "Aquafresh",
        "price": 849.93
      },
      {
        "name": "Protonix",
        "price": 466.70,
        "buyerFirstName": "Sarah",
        "buyerLastName": "Day"
      },
      {
        "name": "Alternaria alternata",
        "price": 61.24,
        "buyerFirstName": "Marie",
        "buyerLastName": "Williamson"
      },
      {
        "name": "smart sense nighttime cold and flu relief",
        "price": 1101.77
      },
      {
        "name": "Warfarin Sodium",
        "price": 770.05,
        "buyerFirstName": "Paula",
        "buyerLastName": "Hill"
      },
      {
        "name": "Acetic Acid",
        "price": 1060.43
      }
    ]
  },
  {
    "firstName": "Patricia",
    "lastName": "Cooper",
    "soldProducts": [
      {
        "name": "AMARANTHUS PALMERI POLLEN",
        "price": 623.16,
        "buyerFirstName": "Gary",
        "buyerLastName": "Stevens"
      },
      {
        "name": "XtraCare Foam Antibacterial Hand Wash",
        "price": 1251.97
      },
      {
        "name": "Nevirapine",
        "price": 1374.72
      }
    ]
  },
  {
    "lastName": "Cunningham",
    "soldProducts": [
      {
        "name": "Lamotrigine Extended Release",
        "price": 245.63,
        "buyerFirstName": "Patricia",
        "buyerLastName": "Fuller"
      },
      {
        "name": "Gilotrif",
        "price": 1454.77
      },
      {
        "name": "Ringers",
        "price": 1054.37
      }
    ]
  },
  {
    "firstName": "Carl",
    "lastName": "Daniels",
    "soldProducts": [
      {
        "name": "Myristica Argentum Sinus Relief",
        "price": 904.52
      },
      {
        "name": "Pioglitazone",
        "price": 306.56,
        "buyerLastName": "Schmidt"
      }
    ]
  },
  {
    "firstName": "Sarah",
    "lastName": "Day",
    "soldProducts": [
      {
        "name": "Etodolac",
        "price": 1443.13
      },
      {
        "name": "Labetalol hydrochloride",
        "price": 436.38,
        "buyerFirstName": "Fred",
        "buyerLastName": "Allen"
      },
      {
        "name": "Shopko Lip Treatment",
        "price": 861.42
      },
      {
        "name": "IOPE SUPER VITAL",
        "price": 824.68
      },
      {
        "name": "Azithromycin",
        "price": 813.87
      },
      {
        "name": "Glyburide",
        "price": 95.10,
        "buyerLastName": "Moreno"
      }
    ]
  },
  {
    "firstName": "Clarence",
    "lastName": "Fowler",
    "soldProducts": [
      {
        "name": "DIPYRIDAMOLE",
        "price": 1150.67
      },
      {
        "name": "Retin-A MICRO",
        "price": 995.98
      },
      {
        "name": "Buprenorphine hydrochloride and naloxone hydrochloride dihydrate",
        "price": 293.33,
        "buyerFirstName": "Emily",
        "buyerLastName": "Parker"
      }
    ]
  },
  {
    "lastName": "Fox",
    "soldProducts": [
      {
        "name": "ROPINIROLE HYDROCHLORIDE",
        "price": 266.44,
        "buyerFirstName": "Amanda",
        "buyerLastName": "Frazier"
      },
      {
        "name": "MEDI-FIRST Non-Aspirin",
        "price": 1301.28
      },
      {
        "name": "Zonisamide",
        "price": 1305.41
      },
      {
        "name": "Hydralazine Hydrochloride",
        "price": 1309.72
      }
    ]
  },
  {
    "firstName": "Amanda",
    "lastName": "Frazier",
    "soldProducts": [
      {
        "name": "EPZICOM",
        "price": 895.65
      },
      {
        "name": "Peter Island Continous sunscreen kids",
        "price": 471.30,
        "buyerFirstName": "Amanda",
        "buyerLastName": "Frazier"
      },
      {
        "name": "Phenylephrine HCl",
        "price": 459.89,
        "buyerFirstName": "Patricia",
        "buyerLastName": "Cooper"
      }
    ]
  },
  {
    "firstName": "Brandon",
    "lastName": "Fuller",
    "soldProducts": [
      {
        "name": "BareMinerals Golden Tan matte",
        "price": 110.93,
        "buyerFirstName": "Betty",
        "buyerLastName": "Lawson"
      },
      {
        "name": "ORCHID SECRET PACT",
        "price": 59.53,
        "buyerFirstName": "Kathy",
        "buyerLastName": "Gilbert"
      },
      {
        "name": "Archangelica Eucalyptus",
        "price": 1334.91
      },
      {
        "name": "LANEIGE MYSTIC VEIL FOUNDATION",
        "price": 20.86,
        "buyerFirstName": "Jeremy",
        "buyerLastName": "Woods"
      },
      {
        "name": "kirkland signature minoxidil",
        "price": 49.17,
        "buyerFirstName": "Christine",
        "buyerLastName": "Gomez"
      },
      {
        "name": "Isosorbide Mononitrate",
        "price": 789.91,
        "buyerFirstName": "Amanda",
        "buyerLastName": "Frazier"
      },
      {
        "name": "PLANTAGO LANCEOLATA POLLEN",
        "price": 561.68,
        "buyerLastName": "Harrison"
      },
      {
        "name": "H-Rosacea Formula",
        "price": 99.74,
        "buyerFirstName": "Billy",
        "buyerLastName": "Parker"
      }
    ]
  },
  {
    "firstName": "Patricia",
    "lastName": "Fuller",
    "soldProducts": [
      {
        "name": "VITALUMIERE AQUA",
        "price": 1293.09
      },
      {
        "name": "Irbesartan and Hydrochlorothiazide",
        "price": 308.30,
        "buyerFirstName": "Carl",
        "buyerLastName": "Lawson"
      },
      {
        "name": "Agaricus Equisetum Special Order",
        "price": 585.93,
        "buyerFirstName": "Jean",
        "buyerLastName": "Henry"
      },
      {
        "name": "Moore Medical Sinus Pain and Pressure Relief",
        "price": 855.39
      },
      {
        "name": "Triamterene and Hydrochlorothiazide",
        "price": 1416.59
      },
      {
        "name": "Burn Jel",
        "price": 209.57,
        "buyerFirstName": "Wanda",
        "buyerLastName": "Harris"
      },
      {
        "name": "CLARINS Ever Matte SPF 15 - 105 Nude",
        "price": 696.06,
        "buyerLastName": "Baker"
      },
      {
        "name": "allergy eye",
        "price": 426.91,
        "buyerLastName": "Bennett"
      },
      {
        "name": "Laser Block 100",
        "price": 1135.43
      }
    ]
  },
  {
    "firstName": "Kathy",
    "lastName": "Gilbert",
    "soldProducts": [
      {
        "name": "Fosphenytoin Sodium",
        "price": 1334.06
      },
      {
        "name": "ERYTHROMYCIN Base Filmtab",
        "price": 117.84,
        "buyerFirstName": "Christine",
        "buyerLastName": "Gomez"
      },
      {
        "name": "Clearskin",
        "price": 968.59
      },
      {
        "name": "Childrens Allegra Allergy",
        "price": 650.97,
        "buyerFirstName": "Gary",
        "buyerLastName": "Stevens"
      },
      {
        "name": "Allopurinol",
        "price": 48.80,
        "buyerLastName": "Peterson"
      },
      {
        "name": "Wintergreen Isopropyl Alcohol",
        "price": 1397.57
      },
      {
        "name": "Albuterol",
        "price": 108.95,
        "buyerFirstName": "Jonathan",
        "buyerLastName": "Rodriguez"
      }
    ]
  },
  {
    "firstName": "Christine",
    "lastName": "Gomez",
    "soldProducts": [
      {
        "name": "up and up temporary minor arthritis pain relief",
        "price": 1085.78
      },
      {
        "name": "Spironolactone",
        "price": 933.69
      },
      {
        "name": "Allopurinol",
        "price": 518.50,
        "buyerFirstName": "Christine",
        "buyerLastName": "Gomez"
      },
      {
        "name": "Eszopiclone",
        "price": 405.03,
        "buyerFirstName": "Anna",
        "buyerLastName": "Parker"
      }
    ]
  },
  {
    "firstName": "Nicole",
    "lastName": "Harris",
    "soldProducts": [
      {
        "name": "Leflunomide",
        "price": 312.85,
        "buyerFirstName": "Ann",
        "buyerLastName": "Stevens"
      },
      {
        "name": "Ibuprofen",
        "price": 1088.04
      }
    ]
  },
  {
    "firstName": "Wanda",
    "lastName": "Harris",
    "soldProducts": [
      {
        "name": "Meloxicam",
        "price": 809.18
      },
      {
        "name": "PredniSONE",
        "price": 286.43,
        "buyerFirstName": "Fred",
        "buyerLastName": "Barnes"
      },
      {
        "name": "Alcohol Free Antiseptic",
        "price": 1486.07
      }
    ]
  },
  {
    "lastName": "Harrison",
    "soldProducts": [
      {
        "name": "Etomidate",
        "price": 393.94,
        "buyerFirstName": "Arthur",
        "buyerLastName": "Reynolds"
      },
      {
        "name": "Care One Hemorrhoidal",
        "price": 932.18
      }
    ]
  },
  {
    "firstName": "Diana",
    "lastName": "Harvey",
    "soldProducts": [
      {
        "name": "Homeopathic Rheumatism",
        "price": 967.08
      },
      {
        "name": "Amitiza",
        "price": 666.58,
        "buyerFirstName": "Jacqueline",
        "buyerLastName": "Perez"
      },
      {
        "name": "Cold and Cough",
        "price": 218.14,
        "buyerLastName": "Thompson"
      },
      {
        "name": "CVS Therapeutic Menthol Pain Reliever",
        "price": 1033.42
      },
      {
        "name": "ISOPROPYL ALCOHOL",
        "price": 339.48,
        "buyerFirstName": "Jeremy",
        "buyerLastName": "Woods"
      }
    ]
  },
  {
    "firstName": "Benjamin",
    "lastName": "Henry",
    "soldProducts": [
      {
        "name": "MEDICATED DANDRUFF",
        "price": 1351.02
      },
      {
        "name": "Pollens - Trees, Birch Mix",
        "price": 1153.54
      },
      {
        "name": "equaline",
        "price": 520.45,
        "buyerFirstName": "Betty",
        "buyerLastName": "Ward"
      }
    ]
  },
  {
    "firstName": "Jean",
    "lastName": "Henry",
    "soldProducts": [
      {
        "name": "Diastat",
        "price": 614.14,
        "buyerLastName": "Moreno"
      },
      {
        "name": "IOPE RETIGEN MOISTURE TWIN CAKE NO.21",
        "price": 1257.71
      },
      {
        "name": "Clarins Paris Skin Illusion - 114 cappuccino",
        "price": 811.42
      },
      {
        "name": "Imipramine Hydrochloride",
        "price": 648.69,
        "buyerFirstName": "Rachel",
        "buyerLastName": "Johnson"
      }
    ]
  },
  {
    "firstName": "Paula",
    "lastName": "Hill",
    "soldProducts": [
      {
        "name": "Prostate",
        "price": 716.05,
        "buyerFirstName": "Chris",
        "buyerLastName": "Mitchell"
      },
      {
        "name": "ESIKA",
        "price": 879.37
      }
    ]
  },
  {
    "firstName": "Rachel",
    "lastName": "Johnson",
    "soldProducts": [
      {
        "name": "pain relief",
        "price": 938.23
      },
      {
        "name": "MOIST MOISTURE SKIN TONER",
        "price": 152.43,
        "buyerFirstName": "Brandon",
        "buyerLastName": "Fuller"
      }
    ]
  },
  {
    "firstName": "Betty",
    "lastName": "Lawson",
    "soldProducts": [
      {
        "name": "Gehwol med Lipidro",
        "price": 421.24,
        "buyerFirstName": "Clarence",
        "buyerLastName": "Fowler"
      },
      {
        "name": "ANXIETY/STRESS RELIEF",
        "price": 324.66,
        "buyerFirstName": "Marie",
        "buyerLastName": "Williamson"
      },
      {
        "name": "Echinacea Quartz Gum Support",
        "price": 570.08,
        "buyerFirstName": "Fred",
        "buyerLastName": "Barnes"
      },
      {
        "name": "GEMCITABINE",
        "price": 1468.11
      }
    ]
  },
  {
    "firstName": "Carl",
    "lastName": "Lawson",
    "soldProducts": [
      {
        "name": "Head and Shoulders Conditioner",
        "price": 1099.59
      },
      {
        "name": "Fexofenadine HCl and Pseudoephedrine HCI",
        "price": 73.07,
        "buyerLastName": "Baker"
      },
      {
        "name": "Effervescent Cold Relief",
        "price": 1436.07
      }
    ]
  },
  {
    "lastName": "Mitchell",
    "soldProducts": [
      {
        "name": "Warfarin Sodium",
        "price": 138.83,
        "buyerFirstName": "Ann",
        "buyerLastName": "Stevens"
      },
      {
        "name": "ziprasidone hydrochloride",
        "price": 628.66,
        "buyerLastName": "Mitchell"
      },
      {
        "name": "PCA SKIN ACNE",
        "price": 1356.22
      }
    ]
  },
  {
    "firstName": "Chris",
    "lastName": "Mitchell",
    "soldProducts": [
      {
        "name": "Naproxen",
        "price": 807.22
      },
      {
        "name": "CEDAX",
        "price": 342.86,
        "buyerFirstName": "Patricia",
        "buyerLastName": "Cooper"
      },
      {
        "name": "Flumazenil",
        "price": 1151.37
      },
      {
        "name": "Fluoxetine",
        "price": 385.37,
        "buyerFirstName": "Jean",
        "buyerLastName": "Henry"
      },
      {
        "name": "Acnezzol Base",
        "price": 710.60,
        "buyerFirstName": "Arthur",
        "buyerLastName": "Reynolds"
      },
      {
        "name": "Ranitidine",
        "price": 926.64
      }
    ]
  },
  {
    "lastName": "Moreno",
    "soldProducts": [
      {
        "name": "leader pain reliever",
        "price": 1179.79
      },
      {
        "name": "Topiramate",
        "price": 578.77,
        "buyerFirstName": "Betty",
        "buyerLastName": "Lawson"
      }
    ]
  },
  {
    "firstName": "Joshua",
    "lastName": "Murray",
    "soldProducts": [
      {
        "name": "Labetalol Hydrochloride",
        "price": 1345.11
      },
      {
        "name": "ENALAPRIL MALEATE",
        "price": 210.42,
        "buyerFirstName": "Christine",
        "buyerLastName": "Gomez"
      },
      {
        "name": "Ondansetron",
        "price": 1249.76
      }
    ]
  },
  {
    "firstName": "Billy",
    "lastName": "Parker",
    "soldProducts": [
      {
        "name": "Fair Foundation SPF 15",
        "price": 1394.24
      },
      {
        "name": "ropinirole hydrochloride",
        "price": 103.58,
        "buyerFirstName": "Clarence",
        "buyerLastName": "Fowler"
      },
      {
        "name": "Enchanted Moments Mistletoe Kisses Hand Sanitizer",
        "price": 384.99,
        "buyerFirstName": "Jonathan",
        "buyerLastName": "Rodriguez"
      },
      {
        "name": "Almond",
        "price": 367.32,
        "buyerLastName": "Mitchell"
      }
    ]
  },
  {
    "firstName": "Emily",
    "lastName": "Parker",
    "soldProducts": [
      {
        "name": "Acid Reducer",
        "price": 1443.51
      },
      {
        "name": "Topex",
        "price": 1258.49
      },
      {
        "name": "Aspen",
        "price": 1046.46
      },
      {
        "name": "Pleo Lat",
        "price": 720.08,
        "buyerFirstName": "Eugene",
        "buyerLastName": "Stewart"
      },
      {
        "name": "XANTHIUM STRUMARIUM VAR CANADENSE POLLEN",
        "price": 1091.38
      },
      {
        "name": "Topical 60 Sec Sodium Fluoride",
        "price": 1228.84
      }
    ]
  },
  {
    "firstName": "Christina",
    "lastName": "Patterson",
    "soldProducts": [
      {
        "name": "Yellow Jacket hymenoptera venom Venomil Diagnostic",
        "price": 23.58,
        "buyerFirstName": "Rachel",
        "buyerLastName": "Johnson"
      },
      {
        "name": "Allopurinol",
        "price": 336.81,
        "buyerLastName": "Cunningham"
      }
    ]
  },
  {
    "firstName": "Jacqueline",
    "lastName": "Perez",
    "soldProducts": [
      {
        "name": "Pleo Ginkgo",
        "price": 613.65,
        "buyerFirstName": "Patricia",
        "buyerLastName": "Fuller"
      },
      {
        "name": "Growing Pains",
        "price": 1077.37
      },
      {
        "name": "Finasteride",
        "price": 1374.01
      }
    ]
  },
  {
    "lastName": "Peterson",
    "soldProducts": [
      {
        "name": "REYATAZ",
        "price": 41.97,
        "buyerLastName": "Cunningham"
      },
      {
        "name": "Dover Aminophen",
        "price": 192.07,
        "buyerFirstName": "Benjamin",
        "buyerLastName": "Henry"
      },
      {
        "name": "DAYWEAR PLUS MULTI PROTECTION TINTED MOISTURIZER",
        "price": 555.12,
        "buyerFirstName": "Fred",
        "buyerLastName": "Allen"
      },
      {
        "name": "Strattera",
        "price": 658.54,
        "buyerFirstName": "Christina",
        "buyerLastName": "Patterson"
      }
    ]
  },
  {
    "firstName": "Arthur",
    "lastName": "Reynolds",
    "soldProducts": [
      {
        "name": "Prednisone",
        "price": 1285.99
      },
      {
        "name": "PANTOPRAZOLE SODIUM",
        "price": 293.89,
        "buyerFirstName": "Ann",
        "buyerLastName": "Stevens"
      },
      {
        "name": "PAMO Kill Natural",
        "price": 1181.06
      },
      {
        "name": "CARBIDOPA AND LEVODOPA",
        "price": 441.64,
        "buyerFirstName": "Jean",
        "buyerLastName": "Henry"
      }
    ]
  },
  {
    "firstName": "Jennifer",
    "lastName": "Riley",
    "soldProducts": [
      {
        "name": "SNORING HP",
        "price": 53.59,
        "buyerFirstName": "Benjamin",
        "buyerLastName": "Henry"
      },
      {
        "name": "NEO-POLY-BAC HYDRO",
        "price": 967.32
      }
    ]
  },
  {
    "firstName": "Sandra",
    "lastName": "Riley",
    "soldProducts": [
      {
        "name": "SUMATRIPTAN SUCCINATE",
        "price": 1265.94
      },
      {
        "name": "Foaming Hand Sanitizer",
        "price": 624.72,
        "buyerLastName": "Mitchell"
      },
      {
        "name": "Prednisone",
        "price": 550.72,
        "buyerLastName": "Stewart"
      },
      {
        "name": "No7 Protect and Perfect Foundation Sunscreen Broad Spectrum SPF 15 Cool Ivory",
        "price": 616.19,
        "buyerFirstName": "Amanda",
        "buyerLastName": "Frazier"
      }
    ]
  },
  {
    "firstName": "Jonathan",
    "lastName": "Rodriguez",
    "soldProducts": [
      {
        "name": "ENBREL",
        "price": 673.97,
        "buyerFirstName": "Joshua",
        "buyerLastName": "Murray"
      },
      {
        "name": "SEPHORA Acne-Fighting Mattifying Moisturizer",
        "price": 1019.28
      },
      {
        "name": "cough and sore throat",
        "price": 1482.68
      }
    ]
  },
  {
    "lastName": "Schmidt",
    "soldProducts": [
      {
        "name": "AIR",
        "price": 581.69,
        "buyerFirstName": "Carl",
        "buyerLastName": "Lawson"
      },
      {
        "name": "CHAMOMILLA",
        "price": 37.97,
        "buyerFirstName": "Bonnie",
        "buyerLastName": "Fox"
      },
      {
        "name": "Levothyroxine Sodium",
        "price": 885.86
      },
      {
        "name": "Air",
        "price": 331.53,
        "buyerFirstName": "Jacqueline",
        "buyerLastName": "Perez"
      },
      {
        "name": "Dawn Ultra Antibacterial Hand",
        "price": 969.86
      }
    ]
  },
  {
    "firstName": "Thomas",
    "lastName": "Snyder",
    "soldProducts": [
      {
        "name": "Glipizide",
        "price": 621.78,
        "buyerFirstName": "Fred",
        "buyerLastName": "Allen"
      },
      {
        "name": "Stila Hydrating Primer Oil-Free SPF 30",
        "price": 179.28,
        "buyerFirstName": "Billy",
        "buyerLastName": "Parker"
      }
    ]
  },
  {
    "firstName": "Ann",
    "lastName": "Stevens",
    "soldProducts": [
      {
        "name": "PRIMAXIN",
        "price": 686.66,
        "buyerFirstName": "Carl",
        "buyerLastName": "Daniels"
      },
      {
        "name": "Megestrol Acetate",
        "price": 976.15
      },
      {
        "name": "Parsley",
        "price": 519.06,
        "buyerFirstName": "Ann",
        "buyerLastName": "Stevens"
      },
      {
        "name": "Propranolol Hydrochloride",
        "price": 546.95,
        "buyerLastName": "Mitchell"
      },
      {
        "name": "TERSI",
        "price": 554.91,
        "buyerFirstName": "Nicole",
        "buyerLastName": "Harris"
      },
      {
        "name": "Carbon Dioxide Oxygen Mixture",
        "price": 95.49,
        "buyerFirstName": "Jacqueline",
        "buyerLastName": "Perez"
      }
    ]
  },
  {
    "firstName": "Gary",
    "lastName": "Stevens",
    "soldProducts": [
      {
        "name": "Pollens - Weeds and Garden Plants, Scotch Broom Cytisus scoparius",
        "price": 135.82,
        "buyerFirstName": "Joshua",
        "buyerLastName": "Murray"
      },
      {
        "name": "ESIKA 3-IN-1 PRO MAKE UP FOUNDATION SPF 20 BASE DE MAQUILLAJE PARA ROSTRO 3-EN-1 PRO FPS 20",
        "price": 1097.60
      },
      {
        "name": "Enalapril Maleate",
        "price": 72.71,
        "buyerFirstName": "Nicole",
        "buyerLastName": "Harris"
      }
    ]
  },
  {
    "firstName": "Eugene",
    "lastName": "Stewart",
    "soldProducts": [
      {
        "name": "CALMING DIAPER RASH",
        "price": 700.92,
        "buyerLastName": "Thompson"
      },
      {
        "name": "Gemcitabine",
        "price": 594.79,
        "buyerFirstName": "Anna",
        "buyerLastName": "Clark"
      },
      {
        "name": "LV-FX",
        "price": 820.87
      },
      {
        "name": "Aspirin",
        "price": 925.45
      },
      {
        "name": "Oxygen",
        "price": 1242.92
      }
    ]
  },
  {
    "lastName": "Thompson",
    "soldProducts": [
      {
        "name": "AVANDAMET",
        "price": 632.08,
        "buyerFirstName": "Betty",
        "buyerLastName": "Ward"
      },
      {
        "name": "Treatment Set TS336667",
        "price": 1466.47
      },
      {
        "name": "Etoposide",
        "price": 1483.96
      }
    ]
  },
  {
    "firstName": "Betty",
    "lastName": "Ward",
    "soldProducts": [
      {
        "name": "Metformin Hydrochloride",
        "price": 953.99
      },
      {
        "name": "RESCRIPTOR",
        "price": 850.52
      },
      {
        "name": "Pollens - Weeds and Garden Plants, Nettle Urtica dioica",
        "price": 782.77,
        "buyerFirstName": "Eugene",
        "buyerLastName": "Stewart"
      },
      {
        "name": "Glipizide and Metformin Hydrochloride",
        "price": 953.60
      }
    ]
  },
  {
    "firstName": "Marie",
    "lastName": "Williamson",
    "soldProducts": [
      {
        "name": "Aspergillus repens",
        "price": 1231.42
      },
      {
        "name": "Extra Strength Pain Reliever PM",
        "price": 542.72,
        "buyerFirstName": "Jacqueline",
        "buyerLastName": "Perez"
      },
      {
        "name": "Goats Milk",
        "price": 298.53,
        "buyerFirstName": "Anna",
        "buyerLastName": "Clark"
      }
    ]
  },
  {
    "firstName": "Jeremy",
    "lastName": "Woods",
    "soldProducts": [
      {
        "name": "Cefadroxil",
        "price": 1302.20
      },
      {
        "name": "Baza Antifungal",
        "price": 1162.34
      },
      {
        "name": "GOONG SECRET CALMING BATH",
        "price": 742.47,
        "buyerLastName": "Harrison"
      },
      {
        "name": "Trihexyphenidyl Hydrochloride",
        "price": 64.88,
        "buyerLastName": "Mitchell"
      }
    ]
  }
]