[
  {
    "make": "Opel",
    "model": "Omega",
    "travelledDistance": 2147483647
  },
  {
    "make": "Opel",
    "model": "Astra",
    "travelledDistance": 9223372036854775807
  },
  {
    "make": "Opel",
    "model": "Astra",
    "travelledDistance": 922337203685807
  },
  {
    "make": "Opel",
    "model": "Corsa",
    "travelledDistance": 214747
  },
  {
    "make": "Opel",
    "model": "Kadet",
    "travelledDistance": 21474847
  },
  {
    "make": "Opel",
    "model": "Vectra",
    "travelledDistance": 9223372854775807
  },
  {
    "make": "Opel",
    "model": "Insignia",
    "travelledDistance": 2147483647
  },
  {
    "make": "Opel",
    "model": "Astra",
    "travelledDistance": 922336854775807
  },
  {
    "make": "Opel",
    "model": "Corsa",
    "travelledDistance": 21474847
  },
  {
    "make": "Opel",
    "model": "Omega",
    "travelledDistance": 2147483647
  },
  {
    "make": "Opel",
    "model": "Insignia",
    "travelledDistance": 9223372036854775807
  },
  {
    "make": "Opel",
    "model": "Vectra",
    "travelledDistance": 2147483647
  },
  {
    "make": "Opel",
    "model": "Astra",
    "travelledDistance": 2147483647
  },
  {
    "make": "Opel",
    "model": "Omega",
    "travelledDistance": 2147483647
  },
  {
    "make": "Opel",
    "model": "Corsa",
    "travelledDistance": 2147483647
  },
  {
    "make": "Opel",
    "model": "Insignia",
    "travelledDistance": 9223372036854775807
  },
  {
    "make": "Opel",
    "model": "Omega",
    "travelledDistance": 9223336854775807
  },
  {
    "make": "Opel",
    "model": "Corsa",
    "travelledDistance": 2
  },
  {
    "make": "Opel",
    "model": "Omega",
    "travelledDistance": 1
  },
  {
    "make": "BMW",
    "model": "F20",
    "travelledDistance": 2147483647
  },
  {
    "make": "BMW",
    "model": "F25",
    "travelledDistance": 9223372036854775807
  },
  {
    "make": "BMW",
    "model": "M5 F10",
    "travelledDistance": 10
  },
  {
    "make": "BMW",
    "model": "F04",
    "travelledDistance": 100000
  },
  {
    "make": "BMW",
    "model": "E88",
    "travelledDistance": 200000
  },
  {
    "make": "BMW",
    "model": "M Roadster E85",
    "travelledDistance": 92233720365807
  },
  {
    "make": "BMW",
    "model": "1M Coupe",
    "travelledDistance": 2147
  },
  {
    "make": "BMW",
    "model": "X6 M",
    "travelledDistance": 922775807
  },
  {
    "make": "BMW",
    "model": "E67",
    "travelledDistance": 21447
  },
  {
    "make": "BMW",
    "model": "M6 E63",
    "travelledDistance": 92235807
  },
  {
    "make": "BMW",
    "model": "M6 E63",
    "travelledDistance": 2147
  },
  {
    "make": "BMW",
    "model": "F20",
    "travelledDistance": 21447
  },
  {
    "make": "BMW",
    "model": "F04",
    "travelledDistance": 2143647
  },
  {
    "make": "BMW",
    "model": "M5 F10",
    "travelledDistance": 27483647
  },
  {
    "make": "BMW",
    "model": "X6 M",
    "travelledDistance": 2036854775807
  },
  {
    "make": "BMW",
    "model": "F20",
    "travelledDistance": 83647
  },
  {
    "make": "BMW",
    "model": "X6 M",
    "travelledDistance": 483647
  },
  {
    "make": "BMW",
    "model": "F04",
    "travelledDistance": 483647
  },
  {
    "make": "BMW",
    "model": "F20",
    "travelledDistance": 975807
  },
  {
    "make": "BMW",
    "model": "M6 E63",
    "travelledDistance": 214747
  },
  {
    "make": "Fiat",
    "model": "Panda",
    "travelledDistance": 92233854775807
  },
  {
    "make": "Fiat",
    "model": "Panda 4x4 Antarctica",
    "travelledDistance": 214747
  },
  {
    "make": "Fiat",
    "model": "500 (2007) Abarth 695 Tributo Maserati",
    "travelledDistance": 214747
  },
  {
    "make": "Fiat",
    "model": "Panda 4x4 Antarctica",
    "travelledDistance": 2183647
  },
  {
    "make": "Fiat",
    "model": "Panda 4x4",
    "travelledDistance": 2147447
  },
  {
    "make": "Fiat",
    "model": "Panda",
    "travelledDistance": 21447
  },
  {
    "make": "Fiat",
    "model": "Freemont",
    "travelledDistance": 214647
  },
  {
    "make": "Fiat",
    "model": "500L",
    "travelledDistance": 21474847
  },
  {
    "make": "Fiat",
    "model": "Panda",
    "travelledDistance": 21474837
  },
  {
    "make": "Fiat",
    "model": "Freemont",
    "travelledDistance": 92233685477
  },
  {
    "make": "Fiat",
    "model": "Panda 4x4",
    "travelledDistance": 92233736854775807
  },
  {
    "make": "Fiat",
    "model": "Panda 4x4 Antarctica",
    "travelledDistance": 21483647
  },
  {
    "make": "Fiat",
    "model": "500L",
    "travelledDistance": 2147647
  },
  {
    "make": "Fiat",
    "model": "500L",
    "travelledDistance": 92233754775807
  },
  {
    "make": "Fiat",
    "model": "500 (2007) Abarth 695 Tributo Maserati",
    "travelledDistance": 922337205807
  },
  {
    "make": "Fiat",
    "model": "Panda",
    "travelledDistance": 2147487
  },
  {
    "make": "Fiat",
    "model": "500L",
    "travelledDistance": 922337204775807
  },
  {
    "make": "Fiat",
    "model": "Freemont",
    "travelledDistance": 21473647
  },
  {
    "make": "Fiat",
    "model": "Panda 4x4",
    "travelledDistance": 922036854775807
  },
  {
    "make": "Fiat",
    "model": "500 (2007) Abarth 695 Tributo Maserati",
    "travelledDistance": 92236854775807
  },
  {
    "make": "Fiat",
    "model": "Freemont",
    "travelledDistance": 2147647
  },
  {
    "make": "Fiat",
    "model": "500L",
    "travelledDistance": 922337203675807
  },
  {
    "make": "Mercedes",
    "model": "A 140",
    "travelledDistance": 92233754775807
  },
  {
    "make": "Mercedes",
    "model": "W212",
    "travelledDistance": 2147647
  },
  {
    "make": "Mercedes",
    "model": "A 160",
    "travelledDistance": 9223372036
  },
  {
    "make": "Mercedes",
    "model": "A 160 CDI",
    "travelledDistance": 4775807
  },
  {
    "make": "Mercedes",
    "model": "W212",
    "travelledDistance": 54775807
  },
  {
    "make": "Mercedes",
    "model": "W202",
    "travelledDistance": 92233754775807
  },
  {
    "make": "Mercedes",
    "model": "W211",
    "travelledDistance": 47757
  },
  {
    "make": "Mercedes",
    "model": "A 170 CDI",
    "travelledDistance": 9223775807
  },
  {
    "make": "Mercedes",
    "model": "W212",
    "travelledDistance": 927254775807
  },
  {
    "make": "Mercedes",
    "model": "W124",
    "travelledDistance": 922336854775807
  },
  {
    "make": "Mercedes",
    "model": "W210",
    "travelledDistance": 9223372036854775807
  },
  {
    "make": "Mercedes",
    "model": "W202",
    "travelledDistance": 2147647
  },
  {
    "make": "Mercedes",
    "model": "W211",
    "travelledDistance": 922775807
  },
  {
    "make": "Mercedes",
    "model": "W212",
    "travelledDistance": 2183647
  },
  {
    "make": "Mercedes",
    "model": "W203",
    "travelledDistance": 5807
  },
  {
    "make": "Mercedes",
    "model": "W211",
    "travelledDistance": 92775807
  },
  {
    "make": "Mercedes",
    "model": "W210",
    "travelledDistance": 2147483647
  },
  {
    "make": "Mercedes",
    "model": "W204",
    "travelledDistance": 9285807
  },
  {
    "make": "Mercedes",
    "model": "W124",
    "travelledDistance": 2147647
  },
  {
    "make": "Mercedes",
    "model": "W212",
    "travelledDistance": 927
  },
  {
    "make": "Ford",
    "model": "Fiesta",
    "travelledDistance": 922807
  },
  {
    "make": "Ford",
    "model": "Pinto",
    "travelledDistance": 9854775807
  },
  {
    "make": "Ford",
    "model": "Torino",
    "travelledDistance": 2147
  },
  {
    "make": "Ford",
    "model": "Fiesta",
    "travelledDistance": 214647
  },
  {
    "make": "Ford",
    "model": "Pinto",
    "travelledDistance": 922337807
  },
  {
    "make": "Ford",
    "model": "Taurus",
    "travelledDistance": 21473647
  },
  {
    "make": "Ford",
    "model": "Fiesta",
    "travelledDistance": 2143647
  },
  {
    "make": "Ford",
    "model": "Torino",
    "travelledDistance": 922337807
  },
  {
    "make": "Ford",
    "model": "Pinto",
    "travelledDistance": 922337203
  },
  {
    "make": "Ford",
    "model": "GT40",
    "travelledDistance": 92233775807
  },
  {
    "make": "Ford",
    "model": "Pinto",
    "travelledDistance": 9223807
  },
  {
    "make": "Ford",
    "model": "GT40",
    "travelledDistance": 9223377
  },
  {
    "make": "Ford",
    "model": "Fiesta",
    "travelledDistance": 922337775807
  },
  {
    "make": "Ford",
    "model": "Torino",
    "travelledDistance": 217
  },
  {
    "make": "Ford",
    "model": "Fiesta",
    "travelledDistance": 922375807
  },
  {
    "make": "Ford",
    "model": "Pinto",
    "travelledDistance": 214647
  },
  {
    "make": "Ford",
    "model": "Taurus",
    "travelledDistance": 9223375807
  },
  {
    "make": "Ford",
    "model": "Fiesta",
    "travelledDistance": 214647
  },
  {
    "make": "Ford",
    "model": "Torino",
    "travelledDistance": 21474647
  },
  {
    "make": "Ford",
    "model": "Ranger",
    "travelledDistance": 9223372007
  },
  {
    "make": "Ford",
    "model": "Pinto",
    "travelledDistance": 2147647
  },
  {
    "make": "Ford",
    "model": "Ranger",
    "travelledDistance": 92233775807
  },
  {
    "make": "Toyota",
    "model": "Prius",
    "travelledDistance": 9223372037
  },
  {
    "make": "Toyota",
    "model": "Tacoma",
    "travelledDistance": 96854775807
  },
  {
    "make": "Toyota",
    "model": "Prius",
    "travelledDistance": 214747
  },
  {
    "make": "Toyota",
    "model": "Tacoma",
    "travelledDistance": 94775807
  },
  {
    "make": "Toyota",
    "model": "Prius",
    "travelledDistance": 922337207
  },
  {
    "make": "Toyota",
    "model": "Corolla",
    "travelledDistance": 9223854775807
  },
  {
    "make": "Toyota",
    "model": "Yaris",
    "travelledDistance": 21477
  },
  {
    "make": "Toyota",
    "model": "Prius",
    "travelledDistance": 922337203685
  },
  {
    "make": "Toyota",
    "model": "Camry Hybrid",
    "travelledDistance": 92275807
  },
  {
    "make": "Toyota",
    "model": "Corolla",
    "travelledDistance": 92235807
  },
  {
    "make": "Toyota",
    "model": "Prius",
    "travelledDistance": 21477
  },
  {
    "make": "Toyota",
    "model": "Corolla",
    "travelledDistance": 9223807
  },
  {
    "make": "Toyota",
    "model": "Tacoma",
    "travelledDistance": 9225807
  },
  {
    "make": "Toyota",
    "model": "Camry Hybrid",
    "travelledDistance": 954775807
  },
  {
    "make": "Toyota",
    "model": "Prius",
    "travelledDistance": 925807
  },
  {
    "make": "Toyota",
    "model": "Tacoma",
    "travelledDistance": 922337807
  },
  {
    "make": "Toyota",
    "model": "Corolla",
    "travelledDistance": 2147
  },
  {
    "make": "Toyota",
    "model": "Prius",
    "travelledDistance": 21477
  },
  {
    "make": "Toyota",
    "model": "Corolla",
    "travelledDistance": 975807
  },
  {
    "make": "Toyota",
    "model": "Yaris",
    "travelledDistance": 94775807
  },
  {
    "make": "Toyota",
    "model": "Corolla",
    "travelledDistance": 21477
  },
  {
    "make": "Toyota",
    "model": "Prius",
    "travelledDistance": 283647
  },
  {
    "make": "Toyota",
    "model": "Tacoma",
    "travelledDistance": 927
  },
  {
    "make": "Toyota",
    "model": "Yaris",
    "travelledDistance": 9207
  },
  {
    "make": "Toyota",
    "model": "Prius",
    "travelledDistance": 92233775807
  },
  {
    "make": "Toyota",
    "model": "Tacoma",
    "travelledDistance": 247
  },
  {
    "make": "Toyota",
    "model": "Prius",
    "travelledDistance": 9223354775807
  },
  {
    "make": "Toyota",
    "model": "Yaris",
    "travelledDistance": 21477
  },
  {
    "make": "Toyota",
    "model": "Prius",
    "travelledDistance": 92233775807
  },
  {
    "make": "Toyota",
    "model": "Tacoma",
    "travelledDistance": 2147
  },
  {
    "make": "Toyota",
    "model": "Camry Hybrid",
    "travelledDistance": 2143647
  },
  {
    "make": "Toyota",
    "model": "Prius",
    "travelledDistance": 922337807
  },
  {
    "make": "Toyota",
    "model": "Camry Hybrid",
    "travelledDistance": 214647
  },
  {
    "make": "Toyota",
    "model": "Prius",
    "travelledDistance": 922335807
  },
  {
    "make": "Toyota",
    "model": "Tacoma",
    "travelledDistance": 21474647
  },
  {
    "make": "Toyota",
    "model": "Camry Hybrid",
    "travelledDistance": 214647
  },
  {
    "make": "Nissan",
    "model": "GT-R",
    "travelledDistance": 21473647
  },
  {
    "make": "Nissan",
    "model": "Altima",
    "travelledDistance": 9223372775807
  },
  {
    "make": "Nissan",
    "model": "GT-R",
    "travelledDistance": 2147647
  },
  {
    "make": "Nissan",
    "model": "370Z",
    "travelledDistance": 2143647
  },
  {
    "make": "Nissan",
    "model": "GT-R",
    "travelledDistance": 21477
  },
  {
    "make": "Nissan",
    "model": "Altima",
    "travelledDistance": 9224775807
  },
  {
    "make": "Nissan",
    "model": "GT-R",
    "travelledDistance": 23647
  },
  {
    "make": "Nissan",
    "model": "370Z",
    "travelledDistance": 922775807
  },
  {
    "make": "Nissan",
    "model": "370Z",
    "travelledDistance": 21477
  },
  {
    "make": "Nissan",
    "model": "Altima",
    "travelledDistance": 2147
  },
  {
    "make": "Nissan",
    "model": "370Z",
    "travelledDistance": 21447
  },
  {
    "make": "Nissan",
    "model": "Altima",
    "travelledDistance": 92233707
  },
  {
    "make": "Nissan",
    "model": "GT-R",
    "travelledDistance": 954775807
  },
  {
    "make": "Nissan",
    "model": "Altima",
    "travelledDistance": 214647
  },
  {
    "make": "Nissan",
    "model": "370Z",
    "travelledDistance": 922337205807
  },
  {
    "make": "Nissan",
    "model": "GT-R",
    "travelledDistance": 96854775807
  },
  {
    "make": "Nissan",
    "model": "Versa",
    "travelledDistance": 9223775807
  },
  {
    "make": "Nissan",
    "model": "Altima",
    "travelledDistance": 2147447
  },
  {
    "make": "Nissan",
    "model": "370Z",
    "travelledDistance": 922307
  },
  {
    "make": "Nissan",
    "model": "GT-R",
    "travelledDistance": 2147447
  },
  {
    "make": "Nissan",
    "model": "Rogue",
    "travelledDistance": 9223807
  },
  {
    "make": "Nissan",
    "model": "Altima",
    "travelledDistance": 213647
  },
  {
    "make": "Nissan",
    "model": "GT-R",
    "travelledDistance": 2143647
  },
  {
    "make": "Nissan",
    "model": "Altima",
    "travelledDistance": 214747
  },
  {
    "make": "Nissan",
    "model": "Rogue",
    "travelledDistance": 214647
  },
  {
    "make": "Nissan",
    "model": "GT-R",
    "travelledDistance": 2147483647
  },
  {
    "make": "Nissan",
    "model": "Altima",
    "travelledDistance": 2147483647
  },
  {
    "make": "Nissan",
    "model": "Versa",
    "travelledDistance": 2143647
  },
  {
    "make": "Nissan",
    "model": "GT-R",
    "travelledDistance": 2143647
  },
  {
    "make": "Nissan",
    "model": "Versa",
    "travelledDistance": 922775807
  },
  {
    "make": "Great Wall",
    "model": "H2",
    "travelledDistance": 9236854775807
  },
  {
    "make": "Great Wall",
    "model": "Haval M4",
    "travelledDistance": 213647
  },
  {
    "make": "Great Wall",
    "model": "H2",
    "travelledDistance": 21647
  },
  {
    "make": "Great Wall",
    "model": "H8",
    "travelledDistance": 21447
  },
  {
    "make": "Great Wall",
    "model": "Steed 3",
    "travelledDistance": 922336854775807
  },
  {
    "make": "Great Wall",
    "model": "Wingle 5",
    "travelledDistance": 214747
  },
  {
    "make": "Great Wall",
    "model": "Haval M4",
    "travelledDistance": 9223372035807
  },
  {
    "make": "Great Wall",
    "model": "Haval H6",
    "travelledDistance": 214747
  },
  {
    "make": "Renault",
    "model": "Alaskan",
    "travelledDistance": 2647
  },
  {
    "make": "Renault",
    "model": "Clio IV",
    "travelledDistance": 2147483647
  },
  {
    "make": "Renault",
    "model": "Duster",
    "travelledDistance": 2147483647
  },
  {
    "make": "Renault",
    "model": "Alaskan",
    "travelledDistance": 92807
  },
  {
    "make": "Renault",
    "model": "Alaskan",
    "travelledDistance": 2147483647
  },
  {
    "make": "Renault",
    "model": "Duster",
    "travelledDistance": 922337203685807
  },
  {
    "make": "Renault",
    "model": "Alaskan",
    "travelledDistance": 2147483647
  },
  {
    "make": "Renault",
    "model": "Clio IV",
    "travelledDistance": 92234775807
  },
  {
    "make": "Renault",
    "model": "Duster",
    "travelledDistance": 922337203685807
  },
  {
    "make": "Renault",
    "model": "Alaskan",
    "travelledDistance": 92233720375807
  },
  {
    "make": "Renault",
    "model": "Captur",
    "travelledDistance": 9223807
  },
  {
    "make": "Renault",
    "model": "Alaskan",
    "travelledDistance": 21447
  },
  {
    "make": "Renault",
    "model": "Espace",
    "travelledDistance": 9223375807
  },
  {
    "make": "Renault",
    "model": "Alaskan",
    "travelledDistance": 2147483647
  },
  {
    "make": "Renault",
    "model": "Captur",
    "travelledDistance": 92233724775807
  },
  {
    "make": "Renault",
    "model": "Espace",
    "travelledDistance": 2147487
  },
  {
    "make": "Chevy",
    "model": "Camaro",
    "travelledDistance": 92233854775807
  },
  {
    "make": "Chevy",
    "model": "Caprice",
    "travelledDistance": 2147647
  },
  {
    "make": "Chevy",
    "model": "Camaro",
    "travelledDistance": 922335807
  },
  {
    "make": "Chevy",
    "model": "Caprice",
    "travelledDistance": 2143647
  },
  {
    "make": "Chevy",
    "model": "Malibu",
    "travelledDistance": 92233854775807
  },
  {
    "make": "Chevy",
    "model": "Camaro",
    "travelledDistance": 283647
  },
  {
    "make": "Chevy",
    "model": "Impala",
    "travelledDistance": 214747
  },
  {
    "make": "Chevy",
    "model": "Malibu",
    "travelledDistance": 922337775807
  },
  {
    "make": "Chevy",
    "model": "Impala",
    "travelledDistance": 214748347
  },
  {
    "make": "Chevy",
    "model": "Camaro",
    "travelledDistance": 21473647
  },
  {
    "make": "Chevy",
    "model": "Camaro",
    "travelledDistance": 2147483647
  },
  {
    "make": "Chevy",
    "model": "Corvette",
    "travelledDistance": 92233720375807
  },
  {
    "make": "Chevy",
    "model": "Cruze",
    "travelledDistance": 92775807
  },
  {
    "make": "Chevy",
    "model": "Corvette",
    "travelledDistance": 21474847
  },
  {
    "make": "Chevy",
    "model": "Camaro",
    "travelledDistance": 2147487
  },
  {
    "make": "Chevy",
    "model": "Caprice",
    "travelledDistance": 2147483647
  },
  {
    "make": "Chevy",
    "model": "Cruze",
    "travelledDistance": 9223372034775807
  },
  {
    "make": "Chevy",
    "model": "Caprice",
    "travelledDistance": 9223372034775807
  },
  {
    "make": "Chevy",
    "model": "Matiz",
    "travelledDistance": 922337203685807
  },
  {
    "make": "Rolls-Royce",
    "model": "Phantom",
    "travelledDistance": 2147483647
  },
  {
    "make": "Rolls-Royce",
    "model": "Phantom Drophead Coupé",
    "travelledDistance": 92233775807
  },
  {
    "make": "Rolls-Royce",
    "model": "Phantom",
    "travelledDistance": 214647
  },
  {
    "make": "Rolls-Royce",
    "model": "Ghost",
    "travelledDistance": 21473647
  },
  {
    "make": "Rolls-Royce",
    "model": "Dawn",
    "travelledDistance": 214647
  },
  {
    "make": "Rolls-Royce",
    "model": "Phantom",
    "travelledDistance": 922337254775807
  },
  {
    "make": "Rolls-Royce",
    "model": "Ghost",
    "travelledDistance": 214747
  },
  {
    "make": "Rolls-Royce",
    "model": "Wraith",
    "travelledDistance": 2147483647
  },
  {
    "make": "Rolls-Royce",
    "model": "Phantom Drophead Coupé",
    "travelledDistance": 922336854775807
  },
  {
    "make": "Rolls-Royce",
    "model": "Wraith",
    "travelledDistance": 21647
  },
  {
    "make": "Rolls-Royce",
    "model": "Phantom Drophead Coupé",
    "travelledDistance": 9223372075807
  },
  {
    "make": "Lamborghini",
    "model": "Gallardo",
    "travelledDistance": 92234775807
  },
  {
    "make": "Lamborghini",
    "model": "Murciélago",
    "travelledDistance": 2143647
  },
  {
    "make": "Lamborghini",
    "model": "Diablo",
    "travelledDistance": 283647
  },
  {
    "make": "Lamborghini",
    "model": "Gallardo",
    "travelledDistance": 9223372054775807
  },
  {
    "make": "Lamborghini",
    "model": "Murciélago",
    "travelledDistance": 214783647
  },
  {
    "make": "Lamborghini",
    "model": "Gallardo",
    "travelledDistance": 923372054775807
  },
  {
    "make": "Lamborghini",
    "model": "Diablo",
    "travelledDistance": 2147483647
  },
  {
    "make": "Ferrari",
    "model": "Daytona",
    "travelledDistance": 92036854775807
  },
  {
    "make": "Ferrari",
    "model": "250 GTO",
    "travelledDistance": 214747
  },
  {
    "make": "Ferrari",
    "model": "F430",
    "travelledDistance": 2147647
  },
  {
    "make": "Ferrari",
    "model": "275",
    "travelledDistance": 92854775807
  },
  {
    "make": "Ferrari",
    "model": "F430",
    "travelledDistance": 92236854775807
  },
  {
    "make": "Ferrari",
    "model": "F40",
    "travelledDistance": 2647
  },
  {
    "make": "Ferrari",
    "model": "250 GTO",
    "travelledDistance": 214747
  },
  {
    "make": "Ferrari",
    "model": "Daytona",
    "travelledDistance": 922337275807
  },
  {
    "make": "Ferrari",
    "model": "275",
    "travelledDistance": 214647
  },
  {
    "make": "Ferrari",
    "model": "250 GTO",
    "travelledDistance": 2183647
  },
  {
    "make": "Ferrari",
    "model": "F40",
    "travelledDistance": 214647
  },
  {
    "make": "Ferrari",
    "model": "250 GTO",
    "travelledDistance": 213647
  },
  {
    "make": "Ferrari",
    "model": "F430",
    "travelledDistance": 214647
  },
  {
    "make": "Ferrari",
    "model": "Daytona",
    "travelledDistance": 213647
  },
  {
    "make": "Ferrari",
    "model": "F40",
    "travelledDistance": 21447
  },
  {
    "make": "Ferrari",
    "model": "250 GTO",
    "travelledDistance": 213647
  },
  {
    "make": "Ferrari",
    "model": "275",
    "travelledDistance": 2147647
  },
  {
    "make": "Ferrari",
    "model": "Enzo",
    "travelledDistance": 2147483647
  },
  {
    "make": "Ferrari",
    "model": "Daytona",
    "travelledDistance": 2147447
  },
  {
    "make": "Alfa Romeo",
    "model": "Giulia",
    "travelledDistance": 214647
  },
  {
    "make": "Alfa Romeo",
    "model": "Giulietta",
    "travelledDistance": 21474847
  },
  {
    "make": "Alfa Romeo",
    "model": "AR51",
    "travelledDistance": 2147483647
  },
  {
    "make": "Alfa Romeo",
    "model": "Alfetta",
    "travelledDistance": 92233720775807
  },
  {
    "make": "Alfa Romeo",
    "model": "75",
    "travelledDistance": 9223372775807
  },
  {
    "make": "Alfa Romeo",
    "model": "AR51",
    "travelledDistance": 922337275807
  },
  {
    "make": "Alfa Romeo",
    "model": "156",
    "travelledDistance": 92233720368547
  },
  {
    "make": "Alfa Romeo",
    "model": "Giulietta",
    "travelledDistance": 922337203685807
  },
  {
    "make": "Alfa Romeo",
    "model": "164",
    "travelledDistance": 92233775807
  },
  {
    "make": "Alfa Romeo",
    "model": "75",
    "travelledDistance": 72036854775807
  },
  {
    "make": "Alfa Romeo",
    "model": "Giulietta",
    "travelledDistance": 2036854775807
  },
  {
    "make": "Alfa Romeo",
    "model": "156",
    "travelledDistance": 92036854775807
  },
  {
    "make": "Alfa Romeo",
    "model": "Giulietta",
    "travelledDistance": 2036854775807
  },
  {
    "make": "Alfa Romeo",
    "model": "75",
    "travelledDistance": 9775807
  },
  {
    "make": "Peugeot",
    "model": "206",
    "travelledDistance": 214647
  },
  {
    "make": "Peugeot",
    "model": "405",
    "travelledDistance": 92236854775807
  },
  {
    "make": "Peugeot",
    "model": "206",
    "travelledDistance": 2147483647
  },
  {
    "make": "Peugeot",
    "model": "405",
    "travelledDistance": 922854775807
  },
  {
    "make": "Peugeot",
    "model": "306",
    "travelledDistance": 2036854775807
  },
  {
    "make": "Peugeot",
    "model": "308",
    "travelledDistance": 775807
  },
  {
    "make": "Peugeot",
    "model": "407",
    "travelledDistance": 854775807
  },
  {
    "make": "Peugeot",
    "model": "306",
    "travelledDistance": 2147483647
  },
  {
    "make": "Peugeot",
    "model": "308",
    "travelledDistance": 854775807
  },
  {
    "make": "Peugeot",
    "model": "405",
    "travelledDistance": 9226854775807
  },
  {
    "make": "Peugeot",
    "model": "306",
    "travelledDistance": 21474647
  },
  {
    "make": "Peugeot",
    "model": "407",
    "travelledDistance": 922036854775807
  },
  {
    "make": "Peugeot",
    "model": "206",
    "travelledDistance": 21474647
  },
  {
    "make": "Peugeot",
    "model": "407",
    "travelledDistance": 9223372775807
  },
  {
    "make": "Peugeot",
    "model": "206",
    "travelledDistance": 922036854775807
  },
  {
    "make": "Peugeot",
    "model": "308",
    "travelledDistance": 23647
  },
  {
    "make": "Peugeot",
    "model": "405",
    "travelledDistance": 92036854775807
  },
  {
    "make": "Peugeot",
    "model": "306",
    "travelledDistance": 2147483647
  },
  {
    "make": "Peugeot",
    "model": "405",
    "travelledDistance": 92233854775807
  },
  {
    "make": "Peugeot",
    "model": "308",
    "travelledDistance": 2147483647
  },
  {
    "make": "Peugeot",
    "model": "206",
    "travelledDistance": 922775807
  },
  {
    "make": "Peugeot",
    "model": "206",
    "travelledDistance": 214748347
  },
  {
    "make": "Citroen",
    "model": "Berlingo",
    "travelledDistance": 922354775807
  },
  {
    "make": "Citroen",
    "model": "C1",
    "travelledDistance": 924775807
  },
  {
    "make": "Citroen",
    "model": "Berlingo",
    "travelledDistance": 9223354775807
  },
  {
    "make": "Citroen",
    "model": "C5",
    "travelledDistance": 922334775807
  },
  {
    "make": "Citroen",
    "model": "C5",
    "travelledDistance": 213647
  },
  {
    "make": "Citroen",
    "model": "C8",
    "travelledDistance": 2147447
  },
  {
    "make": "Citroen",
    "model": "Elysée",
    "travelledDistance": 922354775807
  },
  {
    "make": "Citroen",
    "model": "C1",
    "travelledDistance": 2147
  },
  {
    "make": "Citroen",
    "model": "C4",
    "travelledDistance": 2147487
  },
  {
    "make": "Citroen",
    "model": "C5",
    "travelledDistance": 922337204775807
  },
  {
    "make": "Citroen",
    "model": "C1",
    "travelledDistance": 922337854775807
  },
  {
    "make": "Citroen",
    "model": "C3",
    "travelledDistance": 214647
  },
  {
    "make": "Citroen",
    "model": "C1",
    "travelledDistance": 2483647
  },
  {
    "make": "Citroen",
    "model": "C4",
    "travelledDistance": 92236854775807
  },
  {
    "make": "Citroen",
    "model": "C1",
    "travelledDistance": 922336854775807
  },
  {
    "make": "Citroen",
    "model": "C5",
    "travelledDistance": 2147483647
  },
  {
    "make": "Citroen",
    "model": "C3",
    "travelledDistance": 2147647
  },
  {
    "make": "Citroen",
    "model": "C8",
    "travelledDistance": 92236854775807
  },
  {
    "make": "Citroen",
    "model": "C1",
    "travelledDistance": 2147483647
  },
  {
    "make": "Citroen",
    "model": "C3",
    "travelledDistance": 9223336854775807
  },
  {
    "make": "Citroen",
    "model": "Elysée",
    "travelledDistance": 23336854775
  },
  {
    "make": "Citroen",
    "model": "C1",
    "travelledDistance": 92236854775807
  },
  {
    "make": "Citroen",
    "model": "C4",
    "travelledDistance": 213647
  },
  {
    "make": "Citroen",
    "model": "C3",
    "travelledDistance": 2147647
  },
  {
    "make": "Citroen",
    "model": "C1",
    "travelledDistance": 9223775807
  },
  {
    "make": "Citroen",
    "model": "C5",
    "travelledDistance": 2183647
  },
  {
    "make": "Citroen",
    "model": "C1",
    "travelledDistance": 9854775807
  },
  {
    "make": "Citroen",
    "model": "C8",
    "travelledDistance": 83647
  },
  {
    "make": "Seat",
    "model": "Toledo",
    "travelledDistance": 21483647
  },
  {
    "make": "Seat",
    "model": "Mii",
    "travelledDistance": 214783647
  },
  {
    "make": "Seat",
    "model": "Ibiza",
    "travelledDistance": 21647
  },
  {
    "make": "Seat",
    "model": "Mii",
    "travelledDistance": 2147447
  },
  {
    "make": "Seat",
    "model": "Ibiza",
    "travelledDistance": 213647
  },
  {
    "make": "Seat",
    "model": "Mii",
    "travelledDistance": 21447
  },
  {
    "make": "Seat",
    "model": "Toledo",
    "travelledDistance": 2147647
  },
  {
    "make": "Seat",
    "model": "Toledo",
    "travelledDistance": 21473647
  },
  {
    "make": "Seat",
    "model": "Ibiza",
    "travelledDistance": 92234775807
  },
  {
    "make": "Seat",
    "model": "Mii",
    "travelledDistance": 936854775807
  },
  {
    "make": "Seat",
    "model": "Toledo",
    "travelledDistance": 21447
  },
  {
    "make": "Seat",
    "model": "Mii",
    "travelledDistance": 214747
  },
  {
    "make": "Seat",
    "model": "Toledo",
    "travelledDistance": 2147647
  },
  {
    "make": "Seat",
    "model": "Ibiza",
    "travelledDistance": 21474847
  },
  {
    "make": "Seat",
    "model": "Toledo",
    "travelledDistance": 2147447
  },
  {
    "make": "Seat",
    "model": "Mii",
    "travelledDistance": 92236854775807
  },
  {
    "make": "Skoda",
    "model": "Citigo",
    "travelledDistance": 214647
  },
  {
    "make": "Skoda",
    "model": "Rapid Spaceback",
    "travelledDistance": 685477580
  },
  {
    "make": "Skoda",
    "model": "Citigo",
    "travelledDistance": 92233854775807
  },
  {
    "make": "Skoda",
    "model": "Citigo",
    "travelledDistance": 2183647
  },
  {
    "make": "Skoda",
    "model": "Citigo",
    "travelledDistance": 214747
  },
  {
    "make": "Skoda",
    "model": "Fabia",
    "travelledDistance": 9223372036875807
  },
  {
    "make": "Skoda",
    "model": "Citigo",
    "travelledDistance": 214647
  },
  {
    "make": "Skoda",
    "model": "Fabia",
    "travelledDistance": 214747
  },
  {
    "make": "Skoda",
    "model": "Rapid",
    "travelledDistance": 9223372775807
  },
  {
    "make": "Skoda",
    "model": "Fabia",
    "travelledDistance": 214647
  },
  {
    "make": "Skoda",
    "model": "Fabia",
    "travelledDistance": 922337203775807
  },
  {
    "make": "Skoda",
    "model": "Rapid",
    "travelledDistance": 2147447
  },
  {
    "make": "Skoda",
    "model": "Rapid Spaceback",
    "travelledDistance": 474
  },
  {
    "make": "Skoda",
    "model": "Fabia",
    "travelledDistance": 92233720368807
  },
  {
    "make": "Dacia",
    "model": "Logan",
    "travelledDistance": 9036854775807
  },
  {
    "make": "Dacia",
    "model": "Sandero Stepway",
    "travelledDistance": 92233724775807
  },
  {
    "make": "Dacia",
    "model": "Sandero",
    "travelledDistance": 2147647
  },
  {
    "make": "Dacia",
    "model": "Dokker",
    "travelledDistance": 213647
  },
  {
    "make": "Dacia",
    "model": "Sandero",
    "travelledDistance": 2143647
  },
  {
    "make": "Dacia",
    "model": "Logan",
    "travelledDistance": 21474647
  },
  {
    "make": "Dacia",
    "model": "Logan",
    "travelledDistance": 9275807
  },
  {
    "make": "Dacia",
    "model": "Dokker",
    "travelledDistance": 2147647
  },
  {
    "make": "Dacia",
    "model": "Sandero",
    "travelledDistance": 922337254775807
  },
  {
    "make": "Dacia",
    "model": "Dokker",
    "travelledDistance": 2147447
  },
  {
    "make": "Dacia",
    "model": "Logan",
    "travelledDistance": 922337203687
  },
  {
    "make": "Dacia",
    "model": "Duster",
    "travelledDistance": 21447
  },
  {
    "make": "Dacia",
    "model": "Sandero Stepway",
    "travelledDistance": 922337807
  },
  {
    "make": "Dacia",
    "model": "Duster",
    "travelledDistance": 922375807
  },
  {
    "make": "Dacia",
    "model": "Logan",
    "travelledDistance": 213647
  }
]
